Name,Type,,BillingStreet,BillingCity,BillingState,BillingPostalCode,BillingCountry,BillingLatitude,BillingLongitude,BillingGeocodeAccuracy,ShippingStreet,ShippingCity,ShippingState,ShippingPostalCode,ShippingCountry,ShippingLatitude,ShippingLongitude,ShippingGeocodeAccuracy,Phone,Fax,AccountNumber,Website,Sic,Industry,AnnualRevenue,NumberOfEmployees,Ownership,TickerSymbol,Description,Rating,Site,OwnerId,CreatedDate,LastModifiedDate,LastModifiedById,SystemModstamp,LastActivityDate,Jigsaw,JigsawCompanyId,CleanStatus,AccountSource,DunsNumber,Tradestyle,NaicsCode,NaicsDesc,YearStarted,SicDesc,DandbCompanyId,OperatingHoursId,CustomerPriority__c,SLA__c,Active__c,NumberofLocations__c,UpsellOpportunity__c,SLASerialNumber__c,SLAExpirationDate__c,Amount__c,Status__c
new 1,Customer - Direct,,"312 Constitution Place Austin, TX 78767 USA",Austin,TX,,,,,,"312 Constitution Place Austin, TX 78767 USA",,,,,,,,(512) 757-6000,(512) 757-9000,CD451796,http://edgecomm.com,6576,Electronics,139000000,1000,Public,EDGE,"Edge, founded in 1998, is a start-up based in Austin, TX. The company designs and manufactures a device to convert music from one digital format to another. Edge sells its product through retailers and its own website.",Cold,,0055g00000HLAidAAH,25-10-2022 07:33,21-02-2023 12:34,0055g00000HLAidAAH,21-02-2023 12:34,,,,Pending,Partner Referral,,,,,,,000000000000000AAA,000000000000000AAA,Medium,Silver,Yes,2,Maybe,2657,18-11-2022 00:00,,
new 2,Customer - Direct,,525 S. Lexington Ave,Burlington,NC,27215,USA,,,,,,,,,,,,(336) 222-7000,(336) 222-8000,CD656092,www.burlington.com,546732,Apparel,350000000,9000,Public,BTXT,,Cold,,0055g00000HLAidAAH,25-10-2022 07:33,24-02-2023 10:32,0055g00000HLAidAAH,24-02-2023 10:32,,,,Pending,Phone Inquiry,,,,,,,000000000000000AAA,000000000000000AAA,,Silver,,6,Maybe,5367,18-11-2022 00:00,,
new 5dfsdf,Customer - Direct,,"2334 N. Michigan Avenue, Suite 1500 Chicago, IL 60601, USA",Chicago,IL,,,,,,"2334 N. Michigan Avenue, Suite 1500 Chicago, IL 60601, USA",,,,,,,,(312) 596-1000,(312) 596-1500,CD439877,www.grandhotels.com,2268,Hospitality,500000000,5600,Public,GHTL,"Chain of hotels and resorts across the US, UK, Eastern Europe, Japan, and SE Asia.",Warm,,0055g00000HLAidAAH,25-10-2022 07:33,21-02-2023 12:35,0055g00000HLAidAAH,21-02-2023 12:35,,,,Pending,Other,,,,,,,000000000000000AAA,000000000000000AAA,High,Gold,No,57,Yes,5572,21-05-2023 00:00,,
new 6,Customer - Direct,,"1301 Avenue of the Americas  New York, NY 10019 USA",New York,NY,,,,,,"1301 Avenue of the Americas  New York, NY 10019 USA",,,,,,,,(212) 842-5500,(212) 842-5501,CD355118,http://www.uos.com,4437,Energy,5600000000,145000,Public,UOS,World's third largest oil and gas company.,null,,0055g00000HLAidAAH,25-10-2022 07:33,21-02-2023 12:34,0055g00000HLAidAAH,21-02-2023 12:34,,,,Pending,Purchased List,,,,,,,000000000000000AAA,000000000000000AAA,High,Platinum,Yes,955,Yes,6654,21-05-2023 00:00,,
new 7,Customer - Channel,,"620 SW 5th Avenue Suite 400 Portland, Oregon 97204 United States",Portland,OR,,,,,,"620 SW 5th Avenue Suite 400 Portland, Oregon 97204 United States",,,,,,,,(503) 421-7800,(503) 421-7801,CC947211,www.expressl&t.net,8742,Transportation,950000000,12300,Public,EXLT,Commerical logistics and transportation company.,Warm,,0055g00000HLAidAAH,25-10-2022 07:33,21-02-2023 12:35,0055g00000HLAidAAH,21-02-2023 12:35,,,,Pending,Purchased List,,,,,,,000000000000000AAA,000000000000000AAA,Medium,Platinum,null,150,Maybe,4724,21-05-2023 00:00,,
new 8,Customer - Direct,,"888 N Euclid  Hallis Center, Room 501 Tucson, AZ 85721 United States",Tucson,AZ,,,,,,"888 N Euclid  Hallis Center, Room 501 Tucson, AZ 85721 United States",,,,,,,,(520) 773-9050,(520) 773-9060,CD736025,www.universityofarizona.com,7321,Education,,39000,Other,,"Leading university in AZ offering undergraduate and graduate programs in arts and humanities, pure sciences, engineering, business, and medicine.",Warm,,0055g00000HLAidAAH,25-10-2022 07:33,21-02-2023 12:35,0055g00000HLAidAAH,21-02-2023 12:35,,,,Pending,Phone Inquiry,,,,,,,000000000000000AAA,000000000000000AAA,Medium,Gold,No,3,Yes,8350,18-11-2022 00:00,,
new 9,Customer - Direct,,"Kings Park, 17th Avenue, Team Valley Trading Estate, Gateshead, Tyne and Wear NE26 3HS United Kingdom",,UK,,,,,,"Kings Park, 17th Avenue, Team Valley Trading Estate, Gateshead, Tyne and Wear NE26 3HS United Kingdom",,,,,,,,+44 191 4956203,+44 191 4956620,CD355119-A,http://www.uos.com,4437,Energy,,24000,Public,UOS,,,,0055g00000HLAidAAH,25-10-2022 07:33,09-02-2023 07:51,0055g00000HLAidAAH,09-02-2023 07:51,,,,Pending,Partner Referral,,,,,,,000000000000000AAA,000000000000000AAA,High,Platinum,null,34,No,3479,18-11-2022 00:00,,
new 10,Customer - Direct,,"9 Tagore Lane Singapore, Singapore 787472 Singapore",Singapore,Singapore,,,,,,"9 Tagore Lane Singapore, Singapore 787472 Singapore",,,,,,,,(650) 450-8810,(650) 450-8820,CD355120-B,http://www.uos.com,4437,Energy,,3000,Public,UOS,,,,0055g00000HLAidAAH,25-10-2022 07:33,09-02-2023 07:51,0055g00000HLAidAAH,09-02-2023 07:51,,,,Pending,,,,,,,,000000000000000AAA,000000000000000AAA,High,Platinum,No,6,Maybe,2457,21-05-2023 00:00,,
new 11,Customer - Channel,,"345 Shoreline Park Mountain View, CA 94043 USA",Mountain View,CA,,,,,,"345 Shoreline Park Mountain View, CA 94043 USA",,,,,,,,(650) 867-3450,(650) 867-9895,CC978213,www.genepoint.com,3712,Biotechnology,30000000,265,Private,,Genomics company engaged in mapping and sequencing of the human genome and developing gene-based drugs,null,,0055g00000HLAidAAH,25-10-2022 07:33,09-02-2023 07:51,0055g00000HLAidAAH,09-02-2023 07:51,,,,Pending,Web,,,,,,,000000000000000AAA,000000000000000AAA,Low,Bronze,null,1,Yes,7324,21-05-2023 00:00,,
new 12,,,The Landmark @ One Market,San Francisco,CA,94087,US,,,,,,,,,,,,(415) 901-7000,(415) 901-7002,,www.sforce.com,,,,,,,,,,0055g00000HLAidAAH,25-10-2022 07:33,02-12-2022 15:13,0055g00000HLAidAAH,02-12-2022 15:13,,,,Pending,,,,,,,,000000000000000AAA,000000000000000AAA,,,,,,,,,
Sample Account for Entitlements,,,,,,,,,,,,,,,,,,,,,,,,,,,,,,,,0055g00000HIT8dAAH,25-10-2022 07:33,09-02-2023 05:29,0055g00000HLAidAAH,09-02-2023 05:29,,,,Pending,Other,,,,,,,000000000000000AAA,000000000000000AAA,,,,,,,,,
new 13,,,,,,,,,,,,,,,,,,,,,,,,,,,,,,Warm,,0055g00000HLAidAAH,03-11-2022 09:41,21-02-2023 12:35,0055g00000HLAidAAH,21-02-2023 12:35,,,,Pending,Phone Inquiry,,,,,,,000000000000000AAA,000000000000000AAA,,,,,,,,,
new 14,,,,,,,,,,,,,,,,,,,,,,,,,,,,,,,,0055g00000HLAidAAH,20-11-2022 09:22,02-12-2022 15:13,0055g00000HLAidAAH,02-12-2022 15:13,,,,Pending,,,,,,,,000000000000000AAA,000000000000000AAA,,,,,,,,,
Created New1,,,,,,,,,,,,,,,,,,,,,,,,,,,,,,,,0055g00000HLAidAAH,21-11-2022 07:23,02-12-2022 15:13,0055g00000HLAidAAH,02-12-2022 15:13,,,,Pending,,,,,,,,000000000000000AAA,000000000000000AAA,,,,,,,,566666,
Created New2,,,,,,,,,,,,,,,,,,,,,,,,,,,,,,null,,0055g00000HLAidAAH,21-11-2022 07:23,21-02-2023 12:34,0055g00000HLAidAAH,21-02-2023 12:34,,,,Pending,,,,,,,,000000000000000AAA,000000000000000AAA,,,,,,,,,
parvesh,,,,,,,,,,,,,,,,,,,,,,,,,,,,,,Cold,,0055g00000HLAidAAH,24-11-2022 06:24,21-02-2023 12:35,0055g00000HLAidAAH,21-02-2023 12:35,,,,Pending,,,,,,,,000000000000000AAA,000000000000000AAA,,,,,,,,40000,
lllllllllll,,,,,,,,,,,,,,,,,,,,,,,,,,,,,,,,0055g00000HLAidAAH,28-11-2022 06:20,02-12-2022 15:13,0055g00000HLAidAAH,02-12-2022 15:13,,,,Pending,,,,,,,,000000000000000AAA,000000000000000AAA,,,,,,,,,
ert,,,,,,,,,,,,,,,,,,,,,,,,,,,,,,,,0055g00000HLAidAAH,28-11-2022 06:16,02-12-2022 15:13,0055g00000HLAidAAH,02-12-2022 15:13,,,,Pending,,,,,,,,000000000000000AAA,000000000000000AAA,,,,,,,,,
32322,,,,,,,,,,,,,,,,,,,,,,,,,,,,,,Warm,,0055g00000HLAidAAH,28-11-2022 06:18,21-02-2023 12:36,0055g00000HLAidAAH,21-02-2023 12:36,,,,Pending,,,,,,,,000000000000000AAA,000000000000000AAA,,,,,,,,89999,
sss,,,,,,,,,,,,,,,,,,,,,,,,,,,,,,,,0055g00000HLAidAAH,28-11-2022 06:42,02-12-2022 15:13,0055g00000HLAidAAH,02-12-2022 15:13,,,,Pending,,,,,,,,000000000000000AAA,000000000000000AAA,,,,,,,,,
l1op,,,,,,,,,,,,,,,,,,,,,,,,,,,,,,,,0055g00000HLAidAAH,28-11-2022 08:27,02-12-2022 15:13,0055g00000HLAidAAH,02-12-2022 15:13,,,,Pending,,,,,,,,000000000000000AAA,000000000000000AAA,,,,,,,,,
l1null,,,,,,,,,,,,,,,,,,,,,,,,,,,,,,,,0055g00000HLAidAAH,28-11-2022 08:28,02-12-2022 15:13,0055g00000HLAidAAH,02-12-2022 15:13,,,,Pending,,,,,,,,000000000000000AAA,000000000000000AAA,,,,,,,,,
ds,,,,,,,,,,,,,,,,,,,,,,,,,,,,,,,,0055g00000HLAidAAH,28-11-2022 09:58,02-12-2022 15:13,0055g00000HLAidAAH,02-12-2022 15:13,,,,Pending,,,,,,,,000000000000000AAA,000000000000000AAA,,,,,,,,,
pravesh1,,,,,,,,,,,,,,,,,,,,,,,,,,,,,,,,0055g00000HLAidAAH,28-11-2022 09:58,02-12-2022 15:13,0055g00000HLAidAAH,02-12-2022 15:13,,,,Pending,,,,,,,,000000000000000AAA,000000000000000AAA,,,,,,,,,
OpportunityAmount,,,,,,,,,,,,,,,,,,,,,,,,,,,,,,,,0055g00000HLAidAAH,28-11-2022 11:34,02-12-2022 15:13,0055g00000HLAidAAH,02-12-2022 15:13,,,,Pending,,,,,,,,000000000000000AAA,000000000000000AAA,,,,,,,,,
uytr,,,,,,,,,,,,,,,,,,,,,,,,Banking,,,,,,null,,0055g00000HLAidAAH,02-12-2022 10:02,09-02-2023 11:39,0055g00000HLAidAAH,09-02-2023 11:39,,,,Pending,,,,,,,,000000000000000AAA,000000000000000AAA,,,,,,,,,
wew,,,,,,,,,,,,,,,,,,,,,,,,Agriculture,,,,,,Cold,,0055g00000HLAidAAH,02-12-2022 10:03,21-02-2023 12:35,0055g00000HLAidAAH,21-02-2023 12:35,,,,Pending,,,,,,,,000000000000000AAA,000000000000000AAA,,,,,,,,,
dfdf,,,,,,,,,,,,,,,,,,,,,,,,Education,,,,,,null,,0055g00000HLAidAAH,02-12-2022 10:30,08-02-2023 07:06,0055g00000HLAidAAH,08-02-2023 07:06,,,,Pending,,,,,,,,000000000000000AAA,000000000000000AAA,,,,,,,,,
sdasd,,,,,,,,,,,,,,,,,,,,,,,,Apparel,,,,,,,,0055g00000HLAidAAH,02-12-2022 11:36,02-12-2022 15:13,0055g00000HLAidAAH,02-12-2022 15:13,,,,Pending,,,,,,,,000000000000000AAA,000000000000000AAA,,,,,,,,,
sdsd,,,,,,,,,,,,,,,,,,,,,,,,Agriculture,,,,,,Hot,,0055g00000HLAidAAH,02-12-2022 11:54,14-04-2023 06:48,0055g00000HLAidAAH,14-04-2023 06:48,,,,Pending,,,,,,,,000000000000000AAA,000000000000000AAA,,,,,,,,,
dfdsf,,,,,,,,,,,,,,,,,,,,,,,,Banking,,,,,,null,,0055g00000HLAidAAH,02-12-2022 12:06,08-02-2023 11:21,0055g00000HLAidAAH,08-02-2023 11:21,,,,Pending,,,,,,,,000000000000000AAA,000000000000000AAA,,,,,,,,,
dfdfsd,,,,,,,,,,,,,,,,,,,,,,,,Agriculture,,,,,,null,,0055g00000HLAidAAH,02-12-2022 13:37,08-02-2023 07:09,0055g00000HLAidAAH,08-02-2023 07:09,,,,Pending,,,,,,,,000000000000000AAA,000000000000000AAA,,,,,,,,,
dfdf,,,,,,,,,,,,,,,,,,,,,,,,Agriculture,,,,,,Warm,,0055g00000HLAidAAH,02-12-2022 13:38,21-02-2023 12:35,0055g00000HLAidAAH,21-02-2023 12:35,,,,Pending,,,,,,,,000000000000000AAA,000000000000000AAA,,,,,,,,,
Test1,,,,,,,,,,,,,,,,,,,,,,,,,,,,,,,,0055g00000HLAidAAH,04-12-2022 09:44,04-12-2022 09:44,0055g00000HLAidAAH,04-12-2022 09:44,,,,Pending,,,,,,,,000000000000000AAA,000000000000000AAA,,,,,,,,,
Test2,,,,,,,,,,,,,,,,,,,,,,,,,,,,,,,,0055g00000HLAidAAH,04-12-2022 09:44,04-12-2022 09:44,0055g00000HLAidAAH,04-12-2022 09:44,,,,Pending,,,,,,,,000000000000000AAA,000000000000000AAA,,,,,,,,,
Test3,,,,,,,,,,,,,,,,,,,,,,,,,,,,,,,,0055g00000HLAidAAH,04-12-2022 09:44,04-12-2022 09:44,0055g00000HLAidAAH,04-12-2022 09:44,,,,Pending,,,,,,,,000000000000000AAA,000000000000000AAA,,,,,,,,,
Test4,,,,,,,,,,,,,,,,,,,,,,,,,,,,,,,,0055g00000HLAidAAH,04-12-2022 09:44,04-12-2022 09:44,0055g00000HLAidAAH,04-12-2022 09:44,,,,Pending,,,,,,,,000000000000000AAA,000000000000000AAA,,,,,,,,,
Test5,,,,,,,,,,,,,,,,,,,,,,,,,,,,,,,,0055g00000HLAidAAH,04-12-2022 09:44,04-12-2022 09:44,0055g00000HLAidAAH,04-12-2022 09:44,,,,Pending,,,,,,,,000000000000000AAA,000000000000000AAA,,,,,,,,,
Test6,,,,,,,,,,,,,,,,,,,,,,,,,,,,,,,,0055g00000HLAidAAH,04-12-2022 09:44,04-12-2022 09:44,0055g00000HLAidAAH,04-12-2022 09:44,,,,Pending,,,,,,,,000000000000000AAA,000000000000000AAA,,,,,,,,,
Test7,,,,,,,,,,,,,,,,,,,,,,,,,,,,,,,,0055g00000HLAidAAH,04-12-2022 09:44,04-12-2022 09:44,0055g00000HLAidAAH,04-12-2022 09:44,,,,Pending,,,,,,,,000000000000000AAA,000000000000000AAA,,,,,,,,,
Test8,,,,,,,,,,,,,,,,,,,,,,,,,,,,,,,,0055g00000HLAidAAH,04-12-2022 09:44,04-12-2022 09:44,0055g00000HLAidAAH,04-12-2022 09:44,,,,Pending,,,,,,,,000000000000000AAA,000000000000000AAA,,,,,,,,,
Test9,,,,,,,,,,,,,,,,,,,,,,,,,,,,,,,,0055g00000HLAidAAH,04-12-2022 09:44,04-12-2022 09:44,0055g00000HLAidAAH,04-12-2022 09:44,,,,Pending,,,,,,,,000000000000000AAA,000000000000000AAA,,,,,,,,,
Test10,,,,,,,,,,,,,,,,,,,,,,,,,,,,,,,,0055g00000HLAidAAH,04-12-2022 09:44,04-12-2022 09:44,0055g00000HLAidAAH,04-12-2022 09:44,,,,Pending,,,,,,,,000000000000000AAA,000000000000000AAA,,,,,,,,,
Test11,,,,,,,,,,,,,,,,,,,,,,,,,,,,,,,,0055g00000HLAidAAH,04-12-2022 09:44,04-12-2022 09:44,0055g00000HLAidAAH,04-12-2022 09:44,,,,Pending,,,,,,,,000000000000000AAA,000000000000000AAA,,,,,,,,,
Test12,,,,,,,,,,,,,,,,,,,,,,,,,,,,,,,,0055g00000HLAidAAH,04-12-2022 09:44,04-12-2022 09:44,0055g00000HLAidAAH,04-12-2022 09:44,,,,Pending,,,,,,,,000000000000000AAA,000000000000000AAA,,,,,,,,,
Test13,,,,,,,,,,,,,,,,,,,,,,,,,,,,,,,,0055g00000HLAidAAH,04-12-2022 09:44,04-12-2022 09:44,0055g00000HLAidAAH,04-12-2022 09:44,,,,Pending,,,,,,,,000000000000000AAA,000000000000000AAA,,,,,,,,,
Test14,,,,,,,,,,,,,,,,,,,,,,,,,,,,,,,,0055g00000HLAidAAH,04-12-2022 09:44,04-12-2022 09:44,0055g00000HLAidAAH,04-12-2022 09:44,,,,Pending,,,,,,,,000000000000000AAA,000000000000000AAA,,,,,,,,,
Test15,,,,,,,,,,,,,,,,,,,,,,,,,,,,,,,,0055g00000HLAidAAH,04-12-2022 09:44,04-12-2022 09:44,0055g00000HLAidAAH,04-12-2022 09:44,,,,Pending,,,,,,,,000000000000000AAA,000000000000000AAA,,,,,,,,,
Test16,,,,,,,,,,,,,,,,,,,,,,,,,,,,,,,,0055g00000HLAidAAH,04-12-2022 09:44,04-12-2022 09:44,0055g00000HLAidAAH,04-12-2022 09:44,,,,Pending,,,,,,,,000000000000000AAA,000000000000000AAA,,,,,,,,,
Test17,,,,,,,,,,,,,,,,,,,,,,,,,,,,,,,,0055g00000HLAidAAH,04-12-2022 09:44,04-12-2022 09:44,0055g00000HLAidAAH,04-12-2022 09:44,,,,Pending,,,,,,,,000000000000000AAA,000000000000000AAA,,,,,,,,,
Test18,,,,,,,,,,,,,,,,,,,,,,,,,,,,,,,,0055g00000HLAidAAH,04-12-2022 09:44,04-12-2022 09:44,0055g00000HLAidAAH,04-12-2022 09:44,,,,Pending,,,,,,,,000000000000000AAA,000000000000000AAA,,,,,,,,,
Test19,,,,,,,,,,,,,,,,,,,,,,,,,,,,,,,,0055g00000HLAidAAH,04-12-2022 09:44,04-12-2022 09:44,0055g00000HLAidAAH,04-12-2022 09:44,,,,Pending,,,,,,,,000000000000000AAA,000000000000000AAA,,,,,,,,,
Test20,,,,,,,,,,,,,,,,,,,,,,,,,,,,,,,,0055g00000HLAidAAH,04-12-2022 09:44,04-12-2022 09:44,0055g00000HLAidAAH,04-12-2022 09:44,,,,Pending,,,,,,,,000000000000000AAA,000000000000000AAA,,,,,,,,,
Test21,,,,,,,,,,,,,,,,,,,,,,,,,,,,,,,,0055g00000HLAidAAH,04-12-2022 09:44,04-12-2022 09:44,0055g00000HLAidAAH,04-12-2022 09:44,,,,Pending,,,,,,,,000000000000000AAA,000000000000000AAA,,,,,,,,,
Test22,,,,,,,,,,,,,,,,,,,,,,,,,,,,,,,,0055g00000HLAidAAH,04-12-2022 09:44,04-12-2022 09:44,0055g00000HLAidAAH,04-12-2022 09:44,,,,Pending,,,,,,,,000000000000000AAA,000000000000000AAA,,,,,,,,,
Test23,,,,,,,,,,,,,,,,,,,,,,,,,,,,,,,,0055g00000HLAidAAH,04-12-2022 09:44,04-12-2022 09:44,0055g00000HLAidAAH,04-12-2022 09:44,,,,Pending,,,,,,,,000000000000000AAA,000000000000000AAA,,,,,,,,,
Test24,,,,,,,,,,,,,,,,,,,,,,,,,,,,,,,,0055g00000HLAidAAH,04-12-2022 09:44,04-12-2022 09:44,0055g00000HLAidAAH,04-12-2022 09:44,,,,Pending,,,,,,,,000000000000000AAA,000000000000000AAA,,,,,,,,,
Test25,,,,,,,,,,,,,,,,,,,,,,,,,,,,,,,,0055g00000HLAidAAH,04-12-2022 09:44,04-12-2022 09:44,0055g00000HLAidAAH,04-12-2022 09:44,,,,Pending,,,,,,,,000000000000000AAA,000000000000000AAA,,,,,,,,,
Test26,,,,,,,,,,,,,,,,,,,,,,,,,,,,,,,,0055g00000HLAidAAH,04-12-2022 09:44,04-12-2022 09:44,0055g00000HLAidAAH,04-12-2022 09:44,,,,Pending,,,,,,,,000000000000000AAA,000000000000000AAA,,,,,,,,,
Test27,,,,,,,,,,,,,,,,,,,,,,,,,,,,,,,,0055g00000HLAidAAH,04-12-2022 09:44,04-12-2022 09:44,0055g00000HLAidAAH,04-12-2022 09:44,,,,Pending,,,,,,,,000000000000000AAA,000000000000000AAA,,,,,,,,,
Test28,,,,,,,,,,,,,,,,,,,,,,,,,,,,,,,,0055g00000HLAidAAH,04-12-2022 09:44,04-12-2022 09:44,0055g00000HLAidAAH,04-12-2022 09:44,,,,Pending,,,,,,,,000000000000000AAA,000000000000000AAA,,,,,,,,,
a1,,,,,,,,,,,,,,,,,,,,,,,,,,,,,,,,0055g00000HLAidAAH,26-12-2022 06:25,26-12-2022 06:25,0055g00000HLAidAAH,26-12-2022 06:25,,,,Pending,,,,,,,,000000000000000AAA,000000000000000AAA,,,,,,,,,
a2,,,,,,,,,,,,,,,,,,,,,,,,,,,,,,,,0055g00000HLAidAAH,26-12-2022 06:25,26-12-2022 06:25,0055g00000HLAidAAH,26-12-2022 06:25,,,,Pending,,,,,,,,000000000000000AAA,000000000000000AAA,,,,,,,,,
a3,,,,,,,,,,,,,,,,,,,,,,,,,,,,,,,,0055g00000HLAidAAH,26-12-2022 06:25,26-12-2022 06:25,0055g00000HLAidAAH,26-12-2022 06:25,,,,Pending,,,,,,,,000000000000000AAA,000000000000000AAA,,,,,,,,,
a1,,,,,,,,,,,,,,,,,,,,,,,,,,,,,,,,0055g00000HLAidAAH,26-12-2022 07:10,26-12-2022 07:10,0055g00000HLAidAAH,26-12-2022 07:10,,,,Pending,,,,,,,,000000000000000AAA,000000000000000AAA,,,,,,,,,
a2,,,,,,,,,,,,,,,,,,,,,,,,,,,,,,,,0055g00000HLAidAAH,26-12-2022 07:10,26-12-2022 07:10,0055g00000HLAidAAH,26-12-2022 07:10,,,,Pending,,,,,,,,000000000000000AAA,000000000000000AAA,,,,,,,,,
a3,,,,,,,,,,,,,,,,,,,,,,,,,,,,,,,,0055g00000HLAidAAH,26-12-2022 07:10,26-12-2022 07:10,0055g00000HLAidAAH,26-12-2022 07:10,,,,Pending,,,,,,,,000000000000000AAA,000000000000000AAA,,,,,,,,,
theasc,,,,,,,,,,,,,,,,,,,,,,,,,,,,,,,,0055g00000HLAidAAH,26-12-2022 07:12,26-12-2022 07:12,0055g00000HLAidAAH,26-12-2022 07:12,,,,Pending,,,,,,,,000000000000000AAA,000000000000000AAA,,,,,,,,,
tempwww,,,,,,,,,,,,,,,,,,,,,,,,,,,,,,,,0055g00000HLAidAAH,30-12-2022 17:03,30-12-2022 17:03,0055g00000HLAidAAH,30-12-2022 17:03,,,,Pending,,,,,,,,000000000000000AAA,000000000000000AAA,,,,,,,,,
newlycr,,,,,,,,,,,,,,,,,,,,,,,,,,,,,,,,0055g00000HLAidAAH,01-01-2023 03:41,09-02-2023 11:47,0055g00000HLAidAAH,09-02-2023 11:47,,,,Pending,Other,,,,,,,000000000000000AAA,000000000000000AAA,,,,,,,,,
seqLs,,,,,,,,,,,,,,,,,,,,,,,,,,,,,,,,0055g00000HLAidAAH,01-01-2023 06:30,01-01-2023 06:30,0055g00000HLAidAAH,01-01-2023 06:30,,,,Pending,,,,,,,,000000000000000AAA,000000000000000AAA,,,,,,,,,
Trigger2,,,,,,,,,,,,,,,,,,,,,,,,,,,,,,Cold,,0055g00000HLAidAAH,01-01-2023 06:47,21-02-2023 12:35,0055g00000HLAidAAH,21-02-2023 12:35,,,,Pending,Web,,,,,,,000000000000000AAA,000000000000000AAA,,,,,,,,,
Trigfgddffdger2,,,,,,,,,,,,,,,,,,,,,,,,,,,,,,null,,0055g00000HLAidAAH,01-01-2023 10:00,21-02-2023 12:34,0055g00000HLAidAAH,21-02-2023 12:34,,,,Pending,,,,,,,,000000000000000AAA,000000000000000AAA,,,,,,,,,
atul,,,,,,,,,,,,,,,,,,,,,,,,,,,,,,null,,0055g00000HLAidAAH,02-01-2023 06:36,21-04-2023 05:51,0055g00000HLAidAAH,21-04-2023 05:51,,,,Pending,Other,,,,,,,000000000000000AAA,000000000000000AAA,,,,,,,,,
seqvbbLs,,,,,,,,,,,,,,,,,,,,,,,,,,,,,,,,0055g00000HLAidAAH,02-01-2023 12:38,02-01-2023 12:38,0055g00000HLAidAAH,02-01-2023 12:38,,,,Pending,,,,,,,,000000000000000AAA,000000000000000AAA,,,,,,,,,
Trigger2,,,,,,,,,,,,,,,,,,,,,,,,,,,,,,,,0055g00000HLAidAAH,02-01-2023 12:38,02-01-2023 12:38,0055g00000HLAidAAH,02-01-2023 12:38,,,,Pending,,,,,,,,000000000000000AAA,000000000000000AAA,,,,,,,,,
Triggvcvcxer3,,,,,,,,,,,,,,,,,,,,,,,,,,,,,,,,0055g00000HLAidAAH,02-01-2023 12:38,02-01-2023 12:38,0055g00000HLAidAAH,02-01-2023 12:38,,,,Pending,,,,,,,,000000000000000AAA,000000000000000AAA,,,,,,,,,
seqvbbLs,,,,,,,,,,,,,,,,,,,,,,,,,,,,,,,,0055g00000HLAidAAH,02-01-2023 12:40,02-01-2023 12:40,0055g00000HLAidAAH,02-01-2023 12:40,,,,Pending,,,,,,,,000000000000000AAA,000000000000000AAA,,,,,,,,,
Trigger2,,,,,,,,,,,,,,,,,,,,,,,,,,,,,,,,0055g00000HLAidAAH,02-01-2023 12:40,02-01-2023 12:40,0055g00000HLAidAAH,02-01-2023 12:40,,,,Pending,,,,,,,,000000000000000AAA,000000000000000AAA,,,,,,,,,
Triggvcvcxer3,,,,,,,,,,,,,,,,,,,,,,,,,,,,,,,,0055g00000HLAidAAH,02-01-2023 12:40,02-01-2023 12:40,0055g00000HLAidAAH,02-01-2023 12:40,,,,Pending,,,,,,,,000000000000000AAA,000000000000000AAA,,,,,,,,,
atul,,,,,,,,,,,,,,,,,,,,,,,,,,,,,,null,,0055g00000HLAidAAH,02-01-2023 12:43,21-04-2023 05:51,0055g00000HLAidAAH,21-04-2023 05:51,,,,Pending,Other,,,,,,,000000000000000AAA,000000000000000AAA,,,,,,,,,
atul,,,,,,,,,,,,,,,,,,,,,,,,,,,,,,null,,0055g00000HLAidAAH,02-01-2023 12:43,21-04-2023 05:51,0055g00000HLAidAAH,21-04-2023 05:51,,,,Pending,,,,,,,,000000000000000AAA,000000000000000AAA,,,,,,,,,
atul,,,,,,,,,,,,,,,,,,,,,,,,,,,,,,Warm,,0055g00000HLAidAAH,02-01-2023 12:43,21-04-2023 05:51,0055g00000HLAidAAH,21-04-2023 05:51,,,,Pending,Purchased List,,,,,,,000000000000000AAA,000000000000000AAA,,,,,,,,,
seqvbbLs,,,,,,,,,,,,,,,,,,,,,,,,,,,,,,,,0055g00000HLAidAAH,02-01-2023 12:45,02-01-2023 12:45,0055g00000HLAidAAH,02-01-2023 12:45,,,,Pending,,,,,,,,000000000000000AAA,000000000000000AAA,,,,,,,,,
Trigger2,,,,,,,,,,,,,,,,,,,,,,,,,,,,,,,,0055g00000HLAidAAH,02-01-2023 12:45,02-01-2023 12:45,0055g00000HLAidAAH,02-01-2023 12:45,,,,Pending,,,,,,,,000000000000000AAA,000000000000000AAA,,,,,,,,,
Triggvcvcxer3,,,,,,,,,,,,,,,,,,,,,,,,,,,,,,,,0055g00000HLAidAAH,02-01-2023 12:45,02-01-2023 12:45,0055g00000HLAidAAH,02-01-2023 12:45,,,,Pending,,,,,,,,000000000000000AAA,000000000000000AAA,,,,,,,,,
seqvbbLs,,,,,,,,,,,,,,,,,,,,,,,,,,,,,,,,0055g00000HLAidAAH,02-01-2023 12:49,02-01-2023 12:49,0055g00000HLAidAAH,02-01-2023 12:49,,,,Pending,,,,,,,,000000000000000AAA,000000000000000AAA,,,,,,,,,
Trigger2,,,,,,,,,,,,,,,,,,,,,,,,,,,,,,,,0055g00000HLAidAAH,02-01-2023 12:49,02-01-2023 12:49,0055g00000HLAidAAH,02-01-2023 12:49,,,,Pending,,,,,,,,000000000000000AAA,000000000000000AAA,,,,,,,,,
Triggvcvcxer3,,,,,,,,,,,,,,,,,,,,,,,,,,,,,,,,0055g00000HLAidAAH,02-01-2023 12:49,02-01-2023 12:49,0055g00000HLAidAAH,02-01-2023 12:49,,,,Pending,,,,,,,,000000000000000AAA,000000000000000AAA,,,,,,,,,
seqvbbLs,,,,,,,,,,,,,,,,,,,,,,,,,,,,,,,,0055g00000HLAidAAH,02-01-2023 13:55,02-01-2023 13:55,0055g00000HLAidAAH,02-01-2023 13:55,,,,Pending,,,,,,,,000000000000000AAA,000000000000000AAA,,,,,,,,,
Trigger2,,,,,,,,,,,,,,,,,,,,,,,,,,,,,,,,0055g00000HLAidAAH,02-01-2023 13:55,02-01-2023 13:55,0055g00000HLAidAAH,02-01-2023 13:55,,,,Pending,,,,,,,,000000000000000AAA,000000000000000AAA,,,,,,,,,
Triggvcvcxer3,,,,,,,,,,,,,,,,,,,,,,,,,,,,,,,,0055g00000HLAidAAH,02-01-2023 13:55,02-01-2023 13:55,0055g00000HLAidAAH,02-01-2023 13:55,,,,Pending,,,,,,,,000000000000000AAA,000000000000000AAA,,,,,,,,,
seqvbbLs,,,,,,,,,,,,,,,,,,,,,,,,,,,,,,,,0055g00000HLAidAAH,02-01-2023 13:56,02-01-2023 13:56,0055g00000HLAidAAH,02-01-2023 13:56,,,,Pending,,,,,,,,000000000000000AAA,000000000000000AAA,,,,,,,,,
Trigger2,,,,,,,,,,,,,,,,,,,,,,,,,,,,,,,,0055g00000HLAidAAH,02-01-2023 13:56,02-01-2023 13:56,0055g00000HLAidAAH,02-01-2023 13:56,,,,Pending,,,,,,,,000000000000000AAA,000000000000000AAA,,,,,,,,,
Triggvcvcxer3,,,,,,,,,,,,,,,,,,,,,,,,,,,,,,,,0055g00000HLAidAAH,02-01-2023 13:56,02-01-2023 13:56,0055g00000HLAidAAH,02-01-2023 13:56,,,,Pending,,,,,,,,000000000000000AAA,000000000000000AAA,,,,,,,,,
atul,,,,,,,,,,,,,,,,,,,,,,,,,,,,,,,,0055g00000HLAidAAH,05-01-2023 16:36,21-04-2023 05:51,0055g00000HLAidAAH,21-04-2023 05:51,,,,Pending,Partner Referral,,,,,,,000000000000000AAA,000000000000000AAA,,,Yes,,,,,,
Trigger2,,,,,,,,,,,,,,,,,,,,,,,,,,,,,,null,,0055g00000HLAidAAH,05-01-2023 16:36,21-02-2023 12:34,0055g00000HLAidAAH,21-02-2023 12:34,,,,Pending,Phone Inquiry,,,,,,,000000000000000AAA,000000000000000AAA,,,,,,,,,
Triggvcvcxer3,,,,,,,,,,,,,,,,,,,,,,,,,,,,,,Warm,,0055g00000HLAidAAH,05-01-2023 16:36,21-02-2023 12:35,0055g00000HLAidAAH,21-02-2023 12:35,,,,Pending,Web,,,,,,,000000000000000AAA,000000000000000AAA,,,No,,,,,,
seqvbbLs,,,,,,,,,,,,,,,,,,,,,,,,,,,,,,,,0055g00000HLAidAAH,05-01-2023 16:51,05-01-2023 16:51,0055g00000HLAidAAH,05-01-2023 16:51,,,,Pending,,,,,,,,000000000000000AAA,000000000000000AAA,,,,,,,,,
Trigger2,,,,,,,,,,,,,,,,,,,,,,,,,,,,,,,,0055g00000HLAidAAH,05-01-2023 16:51,05-01-2023 16:51,0055g00000HLAidAAH,05-01-2023 16:51,,,,Pending,,,,,,,,000000000000000AAA,000000000000000AAA,,,,,,,,,
Triggvcvcxer3,,,,,,,,,,,,,,,,,,,,,,,,,,,,,,,,0055g00000HLAidAAH,05-01-2023 16:51,05-01-2023 16:51,0055g00000HLAidAAH,05-01-2023 16:51,,,,Pending,,,,,,,,000000000000000AAA,000000000000000AAA,,,,,,,,,
seqvbbLs,,,,,,,,,,,,,,,,,,,,,,,,,,,,,,,,0055g00000HLAidAAH,05-01-2023 17:23,05-01-2023 17:23,0055g00000HLAidAAH,05-01-2023 17:23,,,,Pending,,,,,,,,000000000000000AAA,000000000000000AAA,,,,,,,,,
Trigger2,,,,,,,,,,,,,,,,,,,,,,,,,,,,,,,,0055g00000HLAidAAH,05-01-2023 17:23,05-01-2023 17:23,0055g00000HLAidAAH,05-01-2023 17:23,,,,Pending,,,,,,,,000000000000000AAA,000000000000000AAA,,,,,,,,,
Triggvcvcxer3,,,,,,,,,,,,,,,,,,,,,,,,,,,,,,,,0055g00000HLAidAAH,05-01-2023 17:23,05-01-2023 17:23,0055g00000HLAidAAH,05-01-2023 17:23,,,,Pending,,,,,,,,000000000000000AAA,000000000000000AAA,,,,,,,,,
newAccount,,,,,,,,,,,,,,,,,,,,,,,,,,,,,,Cold,,0055g00000HLAidAAH,06-01-2023 09:44,21-02-2023 12:36,0055g00000HLAidAAH,21-02-2023 12:36,,,,Pending,Purchased List,,,,,,,000000000000000AAA,000000000000000AAA,,,,,,,,,
newAccount,,,,,,,,,,,,,,,,,,,,,,,,,,,,,,Cold,,0055g00000HLAidAAH,06-01-2023 12:31,21-02-2023 12:34,0055g00000HLAidAAH,21-02-2023 12:34,,,,Pending,Web,,,,,,,000000000000000AAA,000000000000000AAA,,,No,,,,,,
bhanu Sharma,,,,,,,,,,,,,,,,,,,,,,,,,,,,,,null,,0055g00000HLAidAAH,10-01-2023 10:07,09-02-2023 07:51,0055g00000HLAidAAH,09-02-2023 07:51,,,,Pending,Partner Referral,,,,,,,000000000000000AAA,000000000000000AAA,,,Yes,,,,,,
CommunityUserAccount,,,,,,,,,,,,,,,,,,,,,,,,,,,,,,Warm,,0055g00000HLAidAAH,13-02-2023 11:02,21-02-2023 12:36,0055g00000HLAidAAH,21-02-2023 12:36,,,,Pending,,,,,,,,000000000000000AAA,000000000000000AAA,,,,,,,,,
aasheesh singh,,,,,,,,,,,,,,,,,,,,,,,,,,,,,,Cold,,0055g00000HLAidAAH,15-02-2023 06:02,16-05-2023 10:26,0055g00000HLAidAAH,16-05-2023 10:26,,,,Pending,,,,,,,,000000000000000AAA,000000000000000AAA,,,,,,,,,Open
Account1,,,,,,,,,,,,,,,,,,,,,,,,,,,,,,,,0055g00000HLAidAAH,21-02-2023 09:48,21-02-2023 09:48,0055g00000HLAidAAH,21-02-2023 09:48,,,,Pending,,,,,,,,000000000000000AAA,000000000000000AAA,,,,,,,,,
Account2,,,,,,,,,,,,,,,,,,,,,,,,,,,,,,Cold,,0055g00000HLAidAAH,21-02-2023 09:48,21-02-2023 12:37,0055g00000HLAidAAH,21-02-2023 12:37,,,,Pending,,,,,,,,000000000000000AAA,000000000000000AAA,,,,,,,,,
CommunityUser,,,,,,,,,,,,,,,,,,,,,,,,,,,,,,,,0055g00000HLAidAAH,27-02-2023 03:11,27-02-2023 03:11,0055g00000HLAidAAH,27-02-2023 03:11,,,,Pending,,,,,,,,000000000000000AAA,000000000000000AAA,,,,,,,,,
bhwani,,,,,,,,,,,,,,,,,,,,,,,,,,,,,,,,0055g00000HLAidAAH,09-06-2023 08:24,09-06-2023 08:24,0055g00000HLAidAAH,09-06-2023 08:24,,,,Pending,,,,,,,,000000000000000AAA,000000000000000AAA,,,,,,,,,
test,,,,,,,,,,,,,,,,,,,,,,,,,,,,,,,,0055g00000HLAidAAH,22-06-2023 07:05,22-06-2023 07:05,0055g00000HLAidAAH,22-06-2023 07:05,,,,Pending,,,,,,,,000000000000000AAA,000000000000000AAA,,,,,,,,,
aasheesh,,,,,,,,,,,,,,,,,,,,,,,,,,,,,,,,0055g00000HLAidAAH,22-06-2023 07:05,22-06-2023 07:05,0055g00000HLAidAAH,22-06-2023 07:05,,,,Pending,,,,,,,,000000000000000AAA,000000000000000AAA,,,,,,,,,
aasheesh,,,,,,,,,,,,,,,,,,,,,,,,,,,,,,,,0055g00000HLAidAAH,22-06-2023 09:05,22-06-2023 09:05,0055g00000HLAidAAH,22-06-2023 09:05,,,,Pending,,,,,,,,000000000000000AAA,000000000000000AAA,,,,,,,,,
Bhanu,,,,,,,,,,,,,,,,,,,,,,,,,,,,,,,,0055g00000HLAidAAH,22-06-2023 10:38,22-06-2023 10:38,0055g00000HLAidAAH,22-06-2023 10:38,,,,Pending,,,,,,,,000000000000000AAA,000000000000000AAA,,,,,,,,,
Bhanu,,,,,,,,,,,,,,,,,,,,,,,,,,,,,,,,0055g00000HLAidAAH,22-06-2023 10:38,22-06-2023 10:38,0055g00000HLAidAAH,22-06-2023 10:38,,,,Pending,,,,,,,,000000000000000AAA,000000000000000AAA,,,,,,,,,
bhanuSHarma,,,,,,,,,,,,,,,,,,,,,,,,,,,,,,,,0055g00000HLAidAAH,28-06-2023 10:55,28-06-2023 10:55,0055g00000HLAidAAH,28-06-2023 10:55,,,,Pending,,,,,,,,000000000000000AAA,000000000000000AAA,,,,,,,,,
AshishSingh,,,,,,,,,,,,,,,,,,,,,,,,,,,,,,,,0055g00000HLAidAAH,28-06-2023 10:55,28-06-2023 10:55,0055g00000HLAidAAH,28-06-2023 10:55,,,,Pending,,,,,,,,000000000000000AAA,000000000000000AAA,,,,,,,,,
SampleAccount,,,,,,,,,,,,,,,,,,,1234567890,,,www.salesforce.com,,Banking,,100,,,,,,0055g00000HLAidAAH,29-06-2023 09:48,29-06-2023 09:48,0055g00000HLAidAAH,29-06-2023 09:48,,,,Pending,,,,,,,,000000000000000AAA,000000000000000AAA,,,,,,,,,
SampleAccount2,,,,,,,,,,,,,,,,,,,1234567890,,,www.salesforce2.com,,Banking,,100,,,,,,0055g00000HLAidAAH,29-06-2023 09:48,29-06-2023 09:48,0055g00000HLAidAAH,29-06-2023 09:48,,,,Pending,,,,,,,,000000000000000AAA,000000000000000AAA,,,,,,,,,
SampleAccount,,,,,,,,,,,,,,,,,,,1234567890,,,,,Banking,,100,,,,,,0055g00000HLAidAAH,05-07-2023 09:58,05-07-2023 09:58,0055g00000HLAidAAH,05-07-2023 09:58,,,,Pending,,,,,,,,000000000000000AAA,000000000000000AAA,,,,,,,,,
SampleAccou444nt2,,,,,,,,,,,,,,,,,,,1234567890,,,www.salesforce2.com,,Banking,,100,,,,,,0055g00000HLAidAAH,05-07-2023 09:58,05-07-2023 09:58,0055g00000HLAidAAH,05-07-2023 09:58,,,,Pending,,,,,,,,000000000000000AAA,000000000000000AAA,,,,,,,,,
Bhanu,,,,,,,,,,,,,,,,,,,,,,,,,,,,,,,,0055g00000HLAidAAH,13-07-2023 09:44,13-07-2023 09:44,0055g00000HLAidAAH,13-07-2023 09:44,,,,Pending,,,,,,,,000000000000000AAA,000000000000000AAA,,,,,,,,,
ashish,,,,,,,,,,,,,,,,,,,,,,,,,,,,,,,,0055g00000HLAidAAH,13-07-2023 09:46,13-07-2023 09:46,0055g00000HLAidAAH,13-07-2023 09:46,,,,Pending,,,,,,,,000000000000000AAA,000000000000000AAA,,,,,,,,,Close
